image_id,symmetry
ISIC_0000000,0.7675135818029207
ISIC_0000001,0.871726233073849
ISIC_0000002,0.7252011980767058
ISIC_0000003,0.8269179578087988
ISIC_0000004,0.7846325627515788
ISIC_0000006,0.7479290905428646
ISIC_0000007,0.575948368628173
ISIC_0000008,0.7801389813876247
ISIC_0000009,0.6030253035713833
ISIC_0000010,0.8119317515191704
